n,seq,eig
1,TTTT,0.06739736748944032
1,TTTH,0.024849072490256436
1,TTHT,0.024849072490256436
1,TTHH,0.004538486188490492
1,THTT,0.02484907249025641
1,THTH,0.05568205946813872
1,THHT,0.004538486188490492
1,THHH,0.00979731903352476
1,HTTT,0.009797319033524715
1,HTTH,0.004538486188490504
1,HTHT,0.05568205946813884
1,HTHH,0.024849072490256488
1,HHTT,0.004538486188490504
1,HHTH,0.024849072490256488
1,HHHT,0.024849072490256488
1,HHHH,0.06739736748944031
2,TTTT,0.1254690299699739
2,TTTH,0.048498697171197064
2,TTHT,0.048498697171197064
2,TTHH,0.009036216803929485
2,THTT,0.04849869717119693
2,THTH,0.1060412281619468
2,THHT,0.009036216803929485
2,THHH,0.01940335660843787
2,HTTT,0.019403356608437908
2,HTTH,0.009036216803929374
2,HTHT,0.106041228161947
2,HTHH,0.04849869717119708
2,HHTT,0.009036216803929374
2,HHTH,0.04849869717119708
2,HHHT,0.04849869717119708
2,HHHH,0.12546902996997403
3,TTTT,0.17636578239940792
3,TTTH,0.07105129607687102
3,TTHT,0.07105129607687102
3,TTHH,0.01349371396673751
3,THTT,0.0710512960768708
3,THTH,0.15141551294087274
3,THHT,0.01349371396673751
3,THHH,0.028825359418612077
3,HTTT,0.02882535941861194
3,HTTH,0.0134937139667376
3,HTHT,0.1514155129408729
3,HTHH,0.07105129607687098
3,HHTT,0.0134937139667376
3,HHTH,0.07105129607687098
3,HHHT,0.07105129607687098
3,HHHH,0.1763657823994079
4,TTTT,0.22138381557461123
4,TTTH,0.09259473618300001
4,TTHT,0.09259473618300001
4,TTHH,0.01791149555479563
4,THTT,0.09259473618299983
4,THTH,0.1923654214497071
4,THHT,0.01791149555479563
4,THHH,0.03807002558969553
4,HTTT,0.03807002558969548
4,HTTH,0.017911495554795723
4,HTHT,0.19236542144970734
4,HTHH,0.09259473618300003
4,HHTT,0.017911495554795723
4,HHTH,0.09259473618300003
4,HHHT,0.09259473618300003
4,HHHH,0.22138381557461112
5,TTTT,0.2614156393565062
5,TTTH,0.11320530871889521
5,TTHT,0.11320530871889521
5,TTHH,0.022290073704971245
5,THTT,0.11320530871889495
5,THTH,0.2294326952069516
5,THHT,0.022290073704971245
5,THHH,0.04714358485001023
5,HTTT,0.047143584850010106
5,HTTH,0.022290073704971197
5,HTHT,0.2294326952069517
5,HTHH,0.11320530871889523
5,HHTT,0.022290073704971197
5,HHTH,0.11320530871889523
5,HHHT,0.11320530871889523
5,HHHH,0.26141563935650636
6,TTTT,0.29718495982443555
6,TTTH,0.13295016926052688
6,TTHT,0.13295016926052688
6,TTHH,0.02662995376441737
6,THTT,0.13295016926052672
6,THTH,0.26305644686330426
6,THHT,0.02662995376441737
6,THHH,0.056051859646198104
6,HTTT,0.056051859646198125
6,HTTH,0.02662995376441728
6,HTHT,0.26305644686330437
6,HTHH,0.132950169260527
6,HHTT,0.02662995376441728
6,HHTH,0.132950169260527
6,HHHT,0.132950169260527
6,HHHH,0.29718495982443527
7,TTTT,0.32926669922944
7,TTTH,0.15188901949577344
7,TTHT,0.15188901949577344
7,TTHH,0.03093163356884644
7,THTT,0.15188901949577302
7,THTH,0.2936104711727406
7,THHT,0.03093163356884644
7,THHH,0.0648003136263679
7,HTTT,0.06480031362636776
7,HTTH,0.030931633568846286
7,HTHT,0.29361047117274064
7,HTHH,0.15188901949577346
7,HHTT,0.030931633568846286
7,HHTH,0.15188901949577346
7,HHHT,0.15188901949577346
7,HHHH,0.3292666992294401
8,TTTT,0.3581220824613606
8,TTTH,0.1700753724536344
8,TTHT,0.1700753724536344
8,TTHH,0.035195602959740196
8,THTT,0.17007537245363416
8,THTH,0.321426828257862
8,THHT,0.035195602959740196
8,THHH,0.07339409109501198
8,HTTT,0.07339409109501209
8,HTTH,0.03519560295974001
8,HTHT,0.32142682825786173
8,HTHH,0.17007537245363463
8,HHTT,0.03519560295974001
8,HHTH,0.17007537245363463
8,HHHT,0.17007537245363463
8,HHHH,0.35812208246136057
9,TTTT,0.38414598064220407
9,TTTH,0.18755751314020888
9,TTHT,0.18755751314020888
9,TTHH,0.039422343477527294
9,THTT,0.1875575131402084
9,THTH,0.3467893123159362
9,THHT,0.039422343477527294
9,THHH,0.08183804974348367
9,HTTT,0.08183804974348372
9,HTTH,0.039422343477527086
9,HTHT,0.3467893123159364
9,HTHH,0.18755751314020877
9,HHTT,0.039422343477527086
9,HHTH,0.18755751314020877
9,HHHT,0.18755751314020877
9,HHHH,0.38414598064220407
10,TTTT,0.40767280880137413
10,TTTH,0.20437925091248893
10,TTHT,0.20437925091248893
10,TTHH,0.043612328185207994
10,THTT,0.20437925091248849
10,THTH,0.36994265786837116
10,THHT,0.043612328185207994
10,THHH,0.09013678821729207
10,HTTT,0.09013678821729208
10,HTTH,0.04361232818520794
10,HTHT,0.36994265786837116
10,HTHH,0.20437925091248876
10,HHTT,0.04361232818520794
10,HHTH,0.20437925091248876
10,HHHT,0.20437925091248876
10,HHHH,0.407672808801374
11,TTTT,0.4289830860244284
11,TTTH,0.2205805212441658
11,TTHT,0.2205805212441658
11,TTHH,0.04776602158914481
11,THTT,0.2205805212441651
11,THTH,0.39110580850913157
11,THHT,0.04776602158914481
11,THHH,0.09829466962568716
11,HTTT,0.09829466962568723
11,HTTH,0.0477660215891447
11,HTHT,0.3911058085091319
11,HTHH,0.22058052124416547
11,HHTT,0.0477660215891447
11,HHTH,0.22058052124416547
11,HHHT,0.22058052124416547
11,HHHH,0.4289830860244282
12,TTTT,0.4483222431229873
12,TTTH,0.23619787394181413
12,TTHT,0.23619787394181413
12,TTHH,0.051883879632389315
12,THTT,0.2361978739418135
12,THTH,0.410471184108305
12,THHT,0.051883879632389315
12,THHH,0.1063158418020983
12,HTTT,0.10631584180209842
12,HTTH,0.05188387963238907
12,HTHT,0.4104711841083052
12,HTHH,0.23619787394181396
12,HHTT,0.05188387963238907
12,HHTH,0.23619787394181396
12,HHHT,0.23619787394181396
12,HHHH,0.4483222431229877
13,TTTT,0.4659046796516853
13,TTTH,0.251264876748883
13,TTHT,0.251264876748883
13,TTHH,0.0559663497421563
13,THTT,0.25126487674888226
13,THTH,0.42820710613285906
13,THHT,0.0559663497421563
13,THHH,0.11420425492207315
13,HTTT,0.11420425492207316
13,HTTH,0.055966349742156064
13,HTHT,0.4282071061328594
13,HTHH,0.2512648767488827
13,HHTT,0.055966349742156064
13,HHTH,0.2512648767488827
13,HHHT,0.2512648767488827
13,HHHH,0.46590467965168514
14,TTTT,0.481914363960501
14,TTTH,0.2658124520480342
14,TTHT,0.2658124520480342
14,TTHH,0.06001387091757655
14,THTT,0.2658124520480337
14,THTH,0.4444652706295729
14,THHT,0.06001387091757655
14,THHH,0.12196367694367712
14,HTTT,0.1219636769436771
14,HTTH,0.060013870917576484
14,HTHT,0.444465270629573
14,HTHH,0.2658124520480337
14,HHTT,0.060013870917576484
14,HHTH,0.2658124520480337
14,HHHT,0.2658124520480337
14,HHHH,0.48191436396050136
15,TTTT,0.49651383730027593
15,TTTH,0.27986916168330755
15,TTHT,0.27986916168330755
15,TTHH,0.06402687384720324
15,THTT,0.279869161683307
15,THTH,0.459381330922424
15,THHT,0.06402687384720324
15,THHH,0.12959770723299216
15,HTTT,0.12959770723299222
15,HTTH,0.06402687384720288
15,HTHT,0.4593813309224239
15,HTHH,0.27986916168330767
15,HHTT,0.06402687384720288
15,HHTH,0.27986916168330767
15,HHHT,0.27986916168330767
15,HHHH,0.49651383730027576
16,TTTT,0.5098477386878556
16,TTTH,0.29346144982878875
16,TTHT,0.29346144982878875
16,TTHH,0.06800578104822913
16,THTT,0.2934614498287879
16,THTH,0.47307520661098157
16,THHT,0.06800578104822913
16,THHH,0.1371097886619062
16,HTTT,0.13710978866190612
16,HTTH,0.06800578104822892
16,HTHT,0.4730752066109817
16,HTHH,0.2934614498287886
16,HHTT,0.06800578104822892
16,HHTH,0.2934614498287886
16,HHHT,0.2934614498287886
16,HHHH,0.5098477386878557
17,TTTT,0.5220420934470648
17,TTTH,0.3066138520214901
17,TTHT,0.3066138520214901
17,TTHH,0.07195100702124459
17,THTT,0.3066138520214896
17,THTH,0.4856554741694602
17,THHT,0.07195100702124459
17,THHH,0.14450321840861607
17,HTTT,0.14450321840861596
17,HTTH,0.07195100702124425
17,HTHT,0.48565547416946003
17,HTHH,0.30661385202149016
17,HHTT,0.07195100702124425
17,HHTH,0.30661385202149016
17,HHHT,0.30661385202149016
17,HHHH,0.5220420934470643
18,TTTT,0.5332087479670442
18,TTTH,0.3193491764719204
18,TTHT,0.3193491764719204
18,TTHH,0.07586295841577399
18,THTT,0.31934917647191974
18,THTH,0.49722037978071487
18,THHT,0.07586295841577399
18,THHH,0.15178115764787534
18,HTTT,0.15178115764787548
18,HTTH,0.07586295841577377
18,HTHT,0.49722037978071515
18,HTHH,0.3193491764719202
18,HHTT,0.07586295841577377
18,HHTH,0.3193491764719202
18,HHHT,0.3193491764719202
18,HHHH,0.5332087479670444
19,TTTT,0.5434483923457248
19,TTTH,0.331688662305957
19,TTHT,0.331688662305957
19,TTHH,0.07974203420291846
19,THTT,0.33168866230595634
19,THTH,0.5078574874150211
19,THHT,0.07974203420291846
19,THHH,0.15894664028436006
19,HTTT,0.15894664028436004
19,HTTH,0.07974203420291824
19,HTHT,0.507857487415021
19,HTHH,0.3316886623059567
19,HHTT,0.07974203420291824
19,HHTH,0.3316886623059567
19,HHHT,0.3316886623059567
19,HHHH,0.543448392345725
20,TTTT,0.5528498429181985
20,TTTH,0.34365211864916695
20,TTHT,0.34365211864916695
20,TTHH,0.08358862585226262
20,THTT,0.3436521186491661
20,THTH,0.5176462807336133
20,THHT,0.08358862585226262
20,THHH,0.1660025808560741
20,HTTT,0.16600258085607414
20,HTTH,0.08358862585226218
20,HTHT,0.5176462807336126
20,HTHH,0.34365211864916745
20,HHTT,0.08358862585226218
20,HHTH,0.34365211864916745
20,HHHT,0.34365211864916745
20,HHHH,0.5528498429181986
21,TTTT,0.5614920979206869
21,TTTH,0.3552580474442204
21,TTHT,0.3552580474442204
21,TTHH,0.08740311751084517
21,THTT,0.3552580474442194
21,THTH,0.526659283363502
21,THHT,0.08740311751084517
21,THHH,0.17295178171372147
21,HTTT,0.17295178171372155
21,HTTH,0.08740311751084484
21,HTHT,0.526659283363502
21,HTHH,0.35525804744421996
21,HHTT,0.08740311751084484
21,HHTH,0.35525804744421996
21,HHHT,0.35525804744421996
21,HHHH,0.5614920979206872
22,TTTT,0.5694467752551389
22,TTTH,0.36652375252697067
22,TTHT,0.36652375252697067
22,TTHH,0.09118588618250217
22,THTT,0.36652375252696984
22,THTH,0.5349615787363606
22,THHT,0.09118588618250217
22,THHH,0.17979693956507756
22,HTTT,0.1797969395650776
22,HTTH,0.0911858861825017
22,HTHT,0.5349615787363605
22,HTHH,0.3665237525269701
22,HHTT,0.0911858861825017
22,HHTH,0.3665237525269701
22,HHHT,0.3665237525269701
22,HHHH,0.5694467752551392
23,TTTT,0.5767777228071377
23,TTTH,0.3774654369036794
23,TTHT,0.3774654369036794
23,TTHH,0.09493730190627073
23,THTT,0.3774654369036787
23,THTH,0.5426123166078934
23,THHT,0.09493730190627073
23,THHH,0.18654065145975082
23,HTTT,0.18654065145975096
23,HTTH,0.09493730190627027
23,HTHT,0.5426123166078932
23,HTHH,0.3774654369036792
23,HHTT,0.09493730190627027
23,HHTH,0.3774654369036792
23,HHHT,0.3774654369036792
23,HHHH,0.5767777228071385
24,TTTT,0.5835418230808143
24,TTTH,0.3880982898773141
24,TTHT,0.3880982898773141
24,TTHH,0.0986577279328653
24,THTT,0.3880982898773132
24,THTH,0.5496657859736632
24,THHT,0.0986577279328653
24,THHH,0.19318542027853736
24,HTTT,0.19318542027853744
24,HTTH,0.0986577279328648
24,HTHT,0.5496657859736636
24,HTHH,0.3880982898773137
24,HHTT,0.0986577279328648
24,HHTH,0.3880982898773137
24,HHHT,0.3880982898773137
24,HHHH,0.583541823080814
25,TTTT,0.5897908331376241
25,TTTH,0.3984365653933588
25,TTHT,0.3984365653933588
25,TTHH,0.10234752089846284
25,THTT,0.39843656539335803
25,THTH,0.5561710056369549
25,THHT,0.10234752089846284
25,THHH,0.1997336597823866
25,HTTT,0.1997336597823868
25,HTTH,0.10234752089846251
25,HTHT,0.5561710056369547
25,HTHH,0.3984365653933584
25,HHTT,0.10234752089846251
25,HHTH,0.3984365653933584
25,HHHT,0.3984365653933584
25,HHHH,0.5897908331376244
26,TTTT,0.5955713269559149
26,TTTH,0.4084936527149924
26,TTHT,0.4084936527149924
26,TTHH,0.10600703099524078
26,THTT,0.4084936527149919
26,THTH,0.56217254691345
26,THHT,0.10600703099524078
26,THHH,0.2061876992683659
26,HTTT,0.20618769926836591
26,HTTH,0.10600703099524032
26,HTHT,0.5621725469134504
26,HTHH,0.40849365271499205
26,HHTT,0.10600703099524032
26,HHTH,0.40849365271499205
26,HHHT,0.40849365271499205
26,HHHH,0.5955713269559155
27,TTTT,0.6009248800126036
27,TTTH,0.41828214040811224
27,TTHT,0.41828214040811224
27,TTHH,0.10963660213824572
27,THTT,0.41828214040811135
27,THTH,0.5677114817156419
27,THHT,0.10963660213824572
27,THHH,0.2125497878736391
27,HTTT,0.21254978787363873
27,HTTH,0.10963660213824503
27,HTHT,0.5677114817156419
27,HTHH,0.4182821404081115
27,HHTT,0.10963660213824503
27,HHTH,0.4182821404081115
27,HHHT,0.4182821404081115
27,HHHH,0.600924880012604
28,TTTT,0.605889369329616
28,TTTH,0.4278138744231177
28,TTHT,0.4278138744231177
28,TTHH,0.11323657212830877
28,THTT,0.4278138744231168
28,THTH,0.5728251051429597
28,THHT,0.11323657212830877
28,THHH,0.21882209856313992
28,HTTT,0.21882209856313994
28,HTTH,0.11323657212830801
28,HTHT,0.5728251051429598
28,HTHH,0.42781387442311763
28,HHTT,0.11323657212830801
28,HHTH,0.42781387442311763
28,HHHT,0.42781387442311763
28,HHHH,0.6058893693296165
29,TTTT,0.6104991510847331
29,TTTH,0.4371000109736612
29,TTHT,0.4371000109736612
29,TTHH,0.11680727281079835
29,THTT,0.43710001097366036
29,THTH,0.577547335202499
29,THHT,0.11680727281079835
29,THHH,0.2250067318320946
29,HTTT,0.22500673183209438
29,HTTH,0.11680727281079761
29,HTHT,0.577547335202498
29,HTHH,0.43710001097366047
29,HHTT,0.11680727281079761
29,HHTH,0.43710001097366047
29,HHHT,0.43710001097366047
29,HHHH,0.6104991510847334
30,TTTT,0.6147849797236524
30,TTTH,0.4461510647976338
30,TTHT,0.4461510647976338
30,TTHH,0.12034903023009078
30,THTT,0.44615106479763317
30,THTH,0.5819095029656647
30,THHT,0.12034903023009078
30,THHH,0.23110571915071512
30,HTTT,0.23110571915071454
30,HTTH,0.12034903023009039
30,HTHT,0.581909502965665
30,HTHH,0.4461510647976342
30,HHTT,0.12034903023009039
30,HHTH,0.4461510647976342
30,HHHT,0.4461510647976342
30,HHHH,0.6147849797236539
31,TTTT,0.6187748653217297
31,TTTH,0.45497695330388227
31,TTHT,0.45497695330388227
31,TTHH,0.12386216477969125
31,THTT,0.4549769533038809
31,THTH,0.5859402087955944
31,THHT,0.12386216477969125
31,THHH,0.23712102617511646
31,HTTT,0.23712102617511643
31,HTTH,0.12386216477969067
31,HTHT,0.5859402087955927
31,HTHH,0.4549769533038821
31,HHTT,0.12386216477969067
31,HHTH,0.4549769533038821
31,HHHT,0.4549769533038821
31,HHHH,0.6187748653217303
32,TTTT,0.6224943784941683
32,TTTH,0.4635870370499458
32,TTHT,0.4635870370499458
32,TTHH,0.12734699134798225
32,THTT,0.4635870370499452
32,THTH,0.5896654697662429
32,THHT,0.12734699134798225
32,THHH,0.24305455574570853
32,HTTT,0.2430545557457085
32,HTTH,0.12734699134798186
32,HTHT,0.5896654697662416
32,HTHH,0.46358703704994575
32,HHTT,0.12734699134798186
32,HHTH,0.46358703704994575
32,HHHT,0.46358703704994575
32,HHHH,0.6224943784941678
33,TTTT,0.6259664936969124
33,TTTH,0.47199015692326196
33,TTHT,0.47199015692326196
33,TTHH,0.13080381945962044
33,THTT,0.4719901569232609
33,THTH,0.593109346126029
33,THHT,0.13080381945962044
33,THHH,0.2489081506918862
33,HTTT,0.2489081506918862
33,HTTH,0.13080381945961994
33,HTHT,0.5931093461260277
33,HTHH,0.4719901569232617
33,HHTT,0.13080381945961994
33,HHTH,0.4719901569232617
33,HHHT,0.4719901569232617
33,HHHH,0.6259664936969127
34,TTTT,0.6292121114944726
34,TTTH,0.4801946683644524
34,TTHT,0.4801946683644524
34,TTHH,0.1342329534126186
34,THTT,0.48019466836445146
34,THTH,0.5962939082222873
34,THHT,0.1342329534126186
34,THHH,0.2546835964597743
34,HTTT,0.254683596459774
34,HTTH,0.13423295341261815
34,HTHT,0.596293908222286
34,HTHH,0.48019466836445196
34,HHTT,0.13423295341261815
34,HHTH,0.48019466836445196
34,HHHT,0.48019466836445196
34,HHHH,0.6292121114944745
35,TTTT,0.6322504044582803
35,TTTH,0.48820847291938874
35,TTHT,0.48820847291938874
35,TTHH,0.13763469241118703
35,THTT,0.4882084729193878
35,THTH,0.5992392438805666
35,THHT,0.13763469241118703
35,THHH,0.26038262357795505
35,HTTT,0.26038262357795483
35,HTTH,0.1376346924111865
35,HTHT,0.5992392438805667
35,HTHH,0.48820847291938824
35,HHTT,0.1376346924111865
35,HHTH,0.48820847291938824
35,HHHT,0.48820847291938824
35,HHHH,0.6322504044582816
36,TTTT,0.635098675584608
36,TTTH,0.4960390473764807
36,TTHT,0.4960390473764807
36,TTHH,0.14100933069440746
36,THTT,0.4960390473764802
36,THTH,0.6019639319372394
36,THHT,0.14100933069440746
36,THHH,0.2660069099745374
36,HTTT,0.2660069099745381
36,HTTH,0.14100933069440702
36,HTHT,0.601963931937238
36,HTHH,0.4960390473764808
36,HHTT,0.14100933069440702
36,HHTH,0.4960390473764808
36,HHHT,0.4960390473764808
36,HHHH,0.6350986755846082
37,TTTT,0.6377726447823006
37,TTTH,0.5036934707161693
37,TTHT,0.5036934707161693
37,TTHH,0.1443571576608386
37,THTT,0.5036934707161687
37,THTH,0.6044850893645632
37,THHT,0.1443571576608386
37,THHH,0.2715580831575538
37,HTTT,0.2715580831575535
37,HTTH,0.14435715766083831
37,HTHT,0.6044850893645625
37,HTHH,0.5036934707161699
37,HHTT,0.14435715766083831
37,HHTH,0.5036934707161699
37,HHHT,0.5036934707161699
37,HHHH,0.6377726447823013
38,TTTT,0.6402867785665284
38,TTTH,0.5111784490691118
38,TTHT,0.5111784490691118
38,TTHH,0.14767845798915832
38,THTT,0.5111784490691105
38,THTH,0.6068183111451498
38,THHT,0.14767845798915832
38,THHH,0.27703772226943685
38,HTTT,0.27703772226943707
38,HTTH,0.14767845798915769
38,HTHT,0.6068183111451482
38,HTHH,0.5111784490691118
38,HHTT,0.14767845798915769
38,HHTH,0.5111784490691118
38,HHHT,0.5111784490691118
38,HHHH,0.640286778566529
39,TTTT,0.6426541977608722
39,TTTH,0.518500338863642
39,TTHT,0.518500338863642
39,TTHH,0.15097351175494497
39,THTT,0.5185003388636414
39,THTH,0.6089780107176779
39,THHT,0.15097351175494497
39,THHH,0.28244736002531423
39,HTTT,0.28244736002531434
39,HTTH,0.15097351175494447
39,HTHT,0.6089780107176757
39,HTHH,0.5185003388636419
39,HHTT,0.15097351175494447
39,HHTH,0.5185003388636419
39,HHHT,0.5185003388636419
39,HHHH,0.6426541977608722
40,TTTT,0.6448868100921864
40,TTTH,0.525665168317626
40,TTHT,0.525665168317626
40,TTHH,0.15424259454371594
40,THTT,0.5256651683176257
40,THTH,0.6109775175933296
40,THHT,0.15424259454371594
40,THHH,0.28778848454385997
40,HTTT,0.2877884845438601
40,HTTH,0.15424259454371536
40,HTHT,0.6109775175933297
40,HTHH,0.5256651683176262
40,HHTT,0.15424259454371536
40,HHTH,0.5256651683176262
40,HHHT,0.5256651683176262
40,HHHH,0.6448868100921872
41,TTTT,0.6469955924199041
41,TTTH,0.5326786574172482
41,TTHT,0.5326786574172482
41,TTHH,0.15748597756033983
41,THTT,0.532678657417247
41,THTH,0.6128289946938118
41,THHT,0.15748597756033983
41,THHH,0.29306254107866553
41,HTTT,0.29306254107866575
41,HTTH,0.1574859775603397
41,HTHT,0.6128289946938114
41,HTHH,0.5326786574172471
41,HHTT,0.1574859775603397
41,HHTH,0.5326786574172471
41,HHHT,0.5326786574172471
41,HHHH,0.6469955924199053
42,TTTT,0.6489905517837989
42,TTTH,0.53954623650895
42,TTHT,0.53954623650895
42,TTHH,0.16070392773493583
42,THTT,0.5395462365089491
42,THTH,0.6145436694406612
42,THHT,0.16070392773493583
42,THHH,0.2982709336573251
42,HTTT,0.2982709336573255
42,HTTH,0.16070392773493547
42,HTHT,0.614543669440661
42,HTHH,0.53954623650895
42,HHTT,0.16070392773493547
42,HHTH,0.53954623650895
42,HHHT,0.53954623650895
42,HHHH,0.6489905517837996
43,TTTT,0.6508807661006483
43,TTTH,0.546273063617044
43,TTHT,0.546273063617044
43,TTHH,0.16389670782537616
43,THTT,0.5462730636170424
43,THTH,0.6161319567648887
43,THHT,0.16389670782537616
43,THHH,0.3034150266347928
43,HTTT,0.3034150266347918
43,HTTH,0.16389670782537574
43,HTHT,0.616131956764888
43,HTHH,0.5462730636170438
43,HHTT,0.16389670782537574
43,HHTH,0.5462730636170438
43,HHHT,0.5462730636170438
43,HHHH,0.6508807661006479
44,TTTT,0.6526746069256226
44,TTTH,0.5528640405908349
44,TTHT,0.5528640405908349
44,TTHH,0.16706457651651035
44,THTT,0.5528640405908335
44,THTH,0.6176033797957206
44,THHT,0.16706457651651035
44,THHH,0.3084961461669681
44,HTTT,0.3084961461669683
44,HTTH,0.16706457651650974
44,HTHT,0.6176033797957188
44,HTHH,0.5528640405908347
44,HHTT,0.16706457651650974
44,HHTH,0.5528640405908347
44,HHHT,0.5528640405908347
44,HHHH,0.6526746069256228
45,TTTT,0.6543797441463874
45,TTTH,0.5593238281718501
45,TTHT,0.5593238281718501
45,TTHH,0.17020778851622512
45,THTT,0.5593238281718491
45,THTH,0.6189667156923342
45,THHT,0.17020778851622512
45,THHH,0.31351558160997844
45,HTTT,0.31351558160997944
45,HTTH,0.17020778851622462
45,HTHT,0.6189667156923326
45,HTHH,0.55932382817185
45,HHTT,0.17020778851622462
45,HHTH,0.55932382817185
45,HHHT,0.55932382817185
45,HHHH,0.6543797441463863
46,TTTT,0.6560031383137706
46,TTTH,0.56565686006599
46,TTHT,0.56565686006599
46,TTHH,0.17332659464844516
46,THTT,0.5656568600659895
46,THTH,0.6202301249030747
46,THHT,0.17332659464844516
46,THHH,0.3184745868501124
46,HTTT,0.3184745868501132
46,HTTH,0.1733265946484445
46,HTHT,0.620230124903073
46,HTHH,0.5656568600659914
46,HHTT,0.1733265946484445
46,HHTH,0.5656568600659914
46,HHHT,0.5656568600659914
46,HHHH,0.6560031383137703
47,TTTT,0.6575512043912334
47,TTTH,0.5718673560957004
47,TTHT,0.5718673560957004
47,TTHH,0.17642124194319325
47,THTT,0.5718673560956993
47,THTH,0.6214010881701993
47,THHT,0.17642124194319325
47,THHH,0.32337438156898146
47,HTTT,0.323374381568981
47,HTTH,0.1764212419431926
47,HTHT,0.6214010881701993
47,HTHH,0.5718673560957005
47,HHTT,0.1764212419431926
47,HHTH,0.5718673560957005
47,HHHT,0.5718673560957005
47,HHHH,0.6575512043912329
48,TTTT,0.6590298460517495
48,TTTH,0.5779593345008975
48,TTHT,0.5779593345008975
48,TTHH,0.1794919737238091
48,THTT,0.5779593345008965
48,THTH,0.6224864893452688
48,THHT,0.1794919737238091
48,THHH,0.3282161524480928
48,HTTT,0.3282161524480934
48,HTTH,0.17949197372380848
48,HTHT,0.6224864893452674
48,HTHH,0.5779593345008973
48,HHTT,0.17949197372380848
48,HHTH,0.5779593345008973
48,HHHT,0.5779593345008973
48,HHHH,0.6590298460517499
49,TTTT,0.6604444279445058
49,TTTH,0.5839366234520385
49,TTHT,0.5839366234520385
49,TTHH,0.18253902969143115
49,THTT,0.5839366234520367
49,THTH,0.6234927376867448
49,THHT,0.18253902969143115
49,THHH,0.3330010543166802
49,HTTT,0.33300105431667937
49,HTTH,0.1825390296914303
49,HTHT,0.6234927376867452
49,HTHH,0.5839366234520368
49,HHTT,0.1825390296914303
49,HHTH,0.5839366234520368
49,HHHT,0.5839366234520368
49,HHHH,0.6604444279445063
50,TTTT,0.6617998877899905
50,TTTH,0.5898028718314905
50,TTHT,0.5898028718314905
50,TTHH,0.18556264600684488
50,THTT,0.5898028718314896
50,THTH,0.6244257257537407
50,THHT,0.18556264600684488
50,THHH,0.3377302112463169
50,HTTT,0.33773021124631725
50,HTTH,0.18556264600684413
50,HTHT,0.6244257257537397
50,HTHH,0.5898028718314889
50,HHTT,0.18556264600684413
50,HHTH,0.5898028718314889
50,HHHT,0.5898028718314889
50,HHHH,0.66179988778999
51,TTTT,0.6631007868087789
51,TTTH,0.5955615593365485
51,TTHT,0.5955615593365485
51,TTHH,0.18856305536979295
51,THTT,0.5955615593365473
51,THTH,0.6252908683477225
51,THHT,0.18856305536979295
51,THHH,0.34240471759559843
51,HTTT,0.34240471759559804
51,HTTH,0.1885630553697921
51,HTHT,0.6252908683477234
51,HTHH,0.5955615593365471
51,HHTT,0.1885630553697921
51,HHTH,0.5955615593365471
51,HHHT,0.5955615593365471
51,HHHH,0.6631007868087783
52,TTTT,0.6643512786913922
52,TTTH,0.6012160059511886
52,TTHT,0.6012160059511886
52,TTHH,0.19154048709583552
52,THTT,0.6012160059511874
52,THTH,0.6260932098390113
52,THHT,0.19154048709583552
52,THHH,0.3470256390078757
52,HTTT,0.3470256390078758
52,HTTH,0.1915404870958344
52,HTHT,0.626093209839011
52,HTHH,0.6012160059511891
52,HHTT,0.1915404870958344
52,HHTH,0.6012160059511891
52,HHHT,0.6012160059511891
52,HHHH,0.664351278691392
53,TTTT,0.665555180309603
53,TTTH,0.60676938083085
53,TTHT,0.60676938083085
53,TTHH,0.19449516719085935
53,THTT,0.6067693808308484
53,THTH,0.6268374024360416
53,THHT,0.19449516719085935
53,THHH,0.35159401336484924
53,HTTT,0.3515940133648496
53,HTTH,0.19449516719085866
53,HTHT,0.6268374024360422
53,HTHH,0.6067693808308503
53,HHTT,0.19449516719085866
53,HHTH,0.6067693808308503
53,HHHT,0.6067693808308503
53,HHHH,0.6655551803096044
54,TTTT,0.6667160275233209
54,TTTH,0.6122247106407024
54,TTHT,0.6122247106407024
54,TTHH,0.19742731842331826
54,THTT,0.6122247106407015
54,THTH,0.6275277167816551
54,THHT,0.19742731842331826
54,THHH,0.35611085169857604
54,HTTT,0.3561108516985758
54,HTTH,0.19742731842331726
54,HTHT,0.6275277167816556
54,HTHH,0.6122247106407028
54,HHTT,0.19742731842331726
54,HHTH,0.6122247106407028
54,HHHT,0.6122247106407028
54,HHHH,0.6667160275233192
55,TTTT,0.667837049506654
55,TTTH,0.6175848873840959
55,TTHT,0.6175848873840959
55,TTHH,0.20033716039428812
55,THTT,0.6175848873840954
55,THTH,0.6281681304637574
55,THHT,0.20033716039428812
55,THHH,0.36057713906428923
55,HTTT,0.36057713906428845
55,HTTH,0.2003371603942868
55,HTHT,0.6281681304637573
55,HTHH,0.6175848873840954
55,HHTT,0.2003371603942868
55,HHTH,0.6175848873840954
55,HHHT,0.6175848873840954
55,HHHH,0.6678370495066528
56,TTTT,0.668921208698537
56,TTTH,0.6228526757560408
56,TTHT,0.6228526757560408
56,TTHH,0.20322490960541736
56,THTT,0.6228526757560399
56,THTH,0.6287623234146494
56,THHT,0.20322490960541736
56,THHH,0.36499383537623914
56,HTTT,0.3649938353762387
56,HTTH,0.20322490960541673
56,HTHT,0.6287623234146495
56,HTHH,0.622852675756039
56,HHTT,0.20322490960541673
56,HHTH,0.622852675756039
56,HHHT,0.622852675756039
56,HHHH,0.6689212086985357
57,TTTT,0.6699712545050259
57,TTTH,0.6280307200527372
57,TTHT,0.6280307200527372
57,TTHH,0.20609077952485386
57,THTT,0.6280307200527354
57,THTH,0.629313672064624
57,THHT,0.20609077952485386
57,THHH,0.3693618762086132
57,HTTT,0.36936187620861394
57,HTTH,0.20609077952485244
57,HTHT,0.6293136720646249
57,HTHH,0.6280307200527356
57,HHTT,0.20609077952485244
57,HHTH,0.6280307200527356
57,HHHT,0.6280307200527356
57,HHHH,0.6699712545050248
58,TTTT,0.6709897063406438
58,TTTH,0.6331215506667316
58,TTHT,0.6331215506667316
58,TTHH,0.20893498065121482
58,THTT,0.6331215506667308
58,THTH,0.6298253182603326
58,THHT,0.20893498065121482
58,THHH,0.37368217356345773
58,HTTT,0.37368217356345634
58,HTTH,0.20893498065121346
58,HTHT,0.6298253182603307
58,HTHH,0.6331215506667324
58,HHTT,0.20893498065121346
58,HHTH,0.6331215506667324
58,HHHT,0.6331215506667324
58,HHHH,0.6709897063406437
59,TTTT,0.6719788723503479
59,TTTH,0.6381275901946224
59,TTHT,0.6381275901946224
59,TTHH,0.21175772057568287
59,THTT,0.6381275901946218
59,THTH,0.6303001774265626
59,THHT,0.21175772057568287
59,THHH,0.37795561660734844
59,HTTT,0.3779556166073477
59,HTTH,0.21175772057568187
59,HTHT,0.6303001774265639
59,HTHH,0.6381275901946238
59,HHTT,0.21175772057568187
59,HHTH,0.6381275901946238
59,HHHT,0.6381275901946238
59,HHHH,0.671978872350348
60,TTTT,0.6729408965297056
60,TTTH,0.6430511591821588
60,TTHT,0.6430511591821588
60,TTHH,0.21455920404228476
60,THTT,0.6430511591821576
60,THTH,0.6307409248664033
60,THHT,0.21455920404228476
60,THHH,0.3821830723785207
60,HTTT,0.3821830723785201
60,HTTH,0.21455920404228376
60,HTHT,0.6307409248664017
60,HTHH,0.6430511591821593
60,HHTT,0.21455920404228376
60,HHTH,0.6430511591821593
60,HHHT,0.6430511591821593
60,HHHH,0.6729408965297036
61,TTTT,0.6738777506883104
61,TTTH,0.6478944815303458
61,TTHT,0.6478944815303458
61,TTHH,0.2173396330064255
61,THTT,0.6478944815303437
61,THTH,0.6311500463670563
61,THHT,0.2173396330064255
61,THHH,0.3863653864659669
61,HTTT,0.38636538646596574
61,HTTH,0.21733963300642437
61,HTHT,0.6311500463670555
61,HTHH,0.6478944815303457
61,HHTT,0.21733963300642437
61,HHTH,0.6478944815303457
61,HHHT,0.6478944815303457
61,HHHH,0.6738777506883111
62,TTTT,0.6747912397284176
62,TTTH,0.6526596895836431
62,TTHT,0.6526596895836431
62,TTHH,0.22009920669174296
62,THTT,0.6526596895836417
62,THTH,0.631529854669023
62,THHT,0.22009920669174296
62,THHH,0.3905033836619646
62,HTTT,0.3905033836619641
62,HTTH,0.22009920669174105
62,HTHT,0.6315298546690225
62,HTHH,0.652659689583642
62,HHTT,0.22009920669174105
62,HHTH,0.652659689583642
62,HHHT,0.652659689583642
62,HHHH,0.6747912397284167
63,TTTT,0.6756830400987005
63,TTTH,0.6573488289207059
63,TTHT,0.6573488289207059
63,TTHH,0.22283812164533148
63,THTT,0.6573488289207048
63,THTH,0.6318824736797654
63,THHT,0.22283812164533148
63,THHH,0.3945978685893892
63,HTTT,0.3945978685893887
63,HTTH,0.22283812164533023
63,HTHT,0.6318824736797659
63,HTHH,0.6573488289207061
63,HHTT,0.22283812164533023
63,HHTH,0.6573488289207061
63,HHHT,0.6573488289207061
63,HHHH,0.6756830400987002
64,TTTT,0.6765546992504778
64,TTTH,0.6619638628660707
64,TTHT,0.6619638628660707
64,TTHH,0.22555657179141594
64,THTT,0.6619638628660692
64,THTH,0.6322098732505598
64,THHT,0.22555657179141594
64,THHH,0.3986496263050716
64,HTTT,0.3986496263050728
64,HTTH,0.22555657179141533
64,HTHT,0.6322098732505562
64,HTHH,0.6619638628660717
64,HHTT,0.22555657179141533
64,HHTH,0.6619638628660717
64,HHHT,0.6619638628660717
64,HHHH,0.6765546992504764
65,TTTT,0.6774076333630519
65,TTTH,0.666506676740158
65,TTHT,0.666506676740158
65,TTHH,0.22825474848350427
65,THTT,0.6665066767401574
65,THTH,0.6325138900128475
65,THHT,0.22825474848350427
65,THHH,0.4026594228803896
65,HTTT,0.4026594228803898
65,HTTH,0.22825474848350388
65,HTHT,0.6325138900128454
65,HTHH,0.6665066767401594
65,HHTT,0.22825474848350388
65,HHTH,0.6665066767401594
65,HHHT,0.6665066767401594
65,HHHH,0.6774076333630519
66,TTTT,0.6782431567528401
66,TTTH,0.6709790818639761
66,TTHT,0.6709790818639761
66,TTHH,0.23093284055508986
66,THTT,0.6709790818639744
66,THTH,0.6327962130126904
66,THHT,0.23093284055508986
66,THHH,0.4066280059602065
66,HTTT,0.4066280059602052
66,HTTH,0.2309328405550887
66,HTHT,0.6327962130126893
66,HTHH,0.6709790818639743
66,HHTT,0.2309328405550887
66,HHTH,0.6709790818639743
66,HHHT,0.6709790818639743
66,HHHH,0.6782431567528389
67,TTTT,0.6790624867572378
67,TTTH,0.675382819333273
67,TTHT,0.675382819333273
67,TTHH,0.23359103436895698
67,THTT,0.6753828193332715
67,THTH,0.6330584056813541
67,THHT,0.23359103436895698
67,THHH,0.41055610530119524
67,HTTT,0.4105561053011941
67,HTTH,0.2335910343689557
67,HTHT,0.6330584056813544
67,HTHH,0.6753828193332744
67,HHTT,0.2335910343689557
67,HHTH,0.6753828193332744
67,HHHT,0.6753828193332744
67,HHHH,0.6790624867572377
68,TTTT,0.679866738045442
68,TTTH,0.6797195635766138
68,TTHT,0.6797195635766138
68,TTHH,0.2362295138651193
68,THTT,0.6797195635766127
68,THTH,0.6333019279038431
68,THHT,0.2362295138651193
68,THHH,0.4144444332905421
68,HTTT,0.4144444332905414
68,HTTH,0.236229513865119
68,HTHT,0.6333019279038424
68,HTHH,0.6797195635766152
68,HHTT,0.236229513865119
68,HHTH,0.6797195635766152
68,HHHT,0.6797195635766152
68,HHHH,0.6798667380454397
69,TTTT,0.6806569436875174
69,TTTH,0.6839909257102235
69,TTHT,0.6839909257102235
69,TTHH,0.23884846060746912
69,THTT,0.6839909257102219
69,THTH,0.6335281248797177
69,THHT,0.23884846060746912
69,THHH,0.4182936854459272
69,HTTT,0.4182936854459273
69,HTTH,0.23884846060746784
69,HTHT,0.6335281248797179
69,HTHH,0.683990925710223
69,HHTT,0.23884846060746784
69,HHTH,0.683990925710223
69,HHHT,0.683990925710223
69,HHHH,0.6806569436875165
70,TTTT,0.6814340633709031
70,TTTH,0.6881984567020589
70,TTHT,0.6881984567020589
70,TTHH,0.2414480538291471
70,THTT,0.6881984567020569
70,THTH,0.6337382393706109
70,THHT,0.2414480538291471
70,THHH,0.4221045408976782
70,HTTT,0.4221045408976787
70,HTTH,0.24144805382914625
70,HTHT,0.6337382393706109
70,HTHH,0.6881984567020605
70,HHTT,0.24144805382914625
70,HHTH,0.6881984567020605
70,HHHT,0.6881984567020605
70,HHHH,0.6814340633709026
71,TTTT,0.6821989769699739
71,TTTH,0.692343650356656
71,TTHT,0.692343650356656
71,TTHH,0.24402847047670997
71,THTT,0.6923436503566545
71,THTH,0.6339334327485132
71,THHT,0.24402847047670997
71,THHH,0.4258776628538899
71,HTTT,0.42587766285388984
71,HTTH,0.24402847047670947
71,HTHT,0.633933432748512
71,HTHH,0.6923436503566561
71,HHTT,0.24402847047670947
71,HHTH,0.6923436503566561
71,HHHT,0.6923436503566561
71,HHHH,0.6821989769699751
72,TTTT,0.6829524985619054
72,TTTH,0.6964279461313033
72,TTHT,0.6964279461313033
72,TTHH,0.24658988525311007
72,THTT,0.6964279461313024
72,THTH,0.6341147776918846
72,THHT,0.24658988525311007
72,THHH,0.4296136990492885
72,HTTT,0.4296136990492883
72,HTTH,0.24658988525310976
72,HTHT,0.6341147776918824
72,HTHH,0.696427946131302
72,HHTT,0.24658988525310976
72,HHTH,0.696427946131302
72,HHHT,0.696427946131302
72,HHHH,0.6829524985619044
73,TTTT,0.6836953861742384
73,TTTH,0.7004527317939451
73,TTHT,0.7004527317939451
73,TTHH,0.24913247065955055
73,THTT,0.7004527317939447
73,THTH,0.634283263540978
73,THHT,0.24913247065955055
73,THHH,0.4333132821785731
73,HTTT,0.43331328217857257
73,HTTH,0.24913247065954916
73,HTHT,0.6342832635409759
73,HTHH,0.7004527317939483
73,HHTT,0.24913247065954916
73,HHTH,0.7004527317939483
73,HHHT,0.7004527317939483
73,HHHH,0.6836953861742373
74,TTTT,0.6844283361515393
74,TTTH,0.7044193459319598
74,TTHT,0.7044193459319598
74,TTHH,0.2516563970362318
74,THTT,0.7044193459319593
74,THTH,0.6344398148993777
74,THHT,0.2516563970362318
74,THHH,0.4369770303149032
74,HTTT,0.43697703031490276
74,HTTH,0.25165639703623127
74,HTHT,0.6344398148993751
74,HTHH,0.7044193459319597
74,HHTT,0.25165639703623127
74,HHTH,0.7044193459319597
74,HHHT,0.7044193459319597
74,HHHH,0.6844283361515425
75,TTTT,0.685151991620716
75,TTTH,0.7083290803208406
75,TTHT,0.7083290803208406
75,TTHH,0.254161832602048
75,THTT,0.7083290803208402
75,THTH,0.6345852880031149
75,THHT,0.254161832602048
75,THHH,0.44060554731420304
75,HTTT,0.44060554731420365
75,HTTH,0.2541618326020471
75,HTHT,0.6345852880031145
75,HTHH,0.7083290803208394
75,HHTT,0.2541618326020471
75,HHTH,0.7083290803208394
75,HHHT,0.7083290803208394
75,HHHH,0.6851519916207146
76,TTTT,0.6858669523955003
76,TTTH,0.712183182161067
76,TTHT,0.712183182161067
76,TTHH,0.2566489434932505
76,THTT,0.7121831821610665
76,THTH,0.634720471586396
76,THHT,0.2566489434932505
76,THHH,0.4441994232058621
76,HTTT,0.44419942320586087
76,HTTH,0.256648943493249
76,HTHT,0.6347204715863947
76,HTHH,0.7121831821610687
76,HHTT,0.256648943493249
76,HHTH,0.7121831821610687
76,HHHT,0.7121831821610687
76,HHHH,0.6858669523954994
77,TTTT,0.6865737708602808
77,TTTH,0.7159828561908569
77,TTHT,0.7159828561908569
77,TTHH,0.25911789380112504
77,THTT,0.7159828561908562
77,THTH,0.6348461023052162
77,THHT,0.25911789380112504
77,THHH,0.4477592345704327
77,HTTT,0.447759234570432
77,HTTH,0.25911789380112404
77,HTHT,0.6348461023052162
77,HTHH,0.7159828561908567
77,HHTT,0.25911789380112404
77,HHTH,0.7159828561908567
77,HHHT,0.7159828561908567
77,HHHH,0.6865737708602798
78,TTTT,0.6872729563597101
78,TTTH,0.7197292666822658
78,TTHT,0.7197292666822658
78,TTHH,0.26156884560871096
78,THTT,0.7197292666822648
78,THTH,0.634962864182104
78,THHT,0.26156884560871096
78,THHH,0.45128554490488554
78,HTTT,0.45128554490488326
78,HTTH,0.26156884560870985
78,HTHT,0.6349628641821041
78,HTHH,0.7197292666822629
78,HHTT,0.26156884560870985
78,HHTH,0.7197292666822629
78,HHHT,0.7197292666822629
78,HHHH,0.6872729563597086
79,TTTT,0.6879649843290107
79,TTTH,0.7234235393272802
79,TTHT,0.7234235393272802
79,TTHH,0.2640019590265913
79,THTT,0.72342353932728
79,THTH,0.6350713868851505
79,THHT,0.2640019590265913
79,THHH,0.454778904975886
79,HTTT,0.4547789049758854
79,HTTH,0.2640019590265902
79,HTHT,0.6350713868851494
79,HTHH,0.7234235393272782
79,HHTT,0.2640019590265902
79,HHTH,0.7234235393272782
79,HHHT,0.7234235393272782
79,HHHH,0.6879649843290098
80,TTTT,0.6886502938700634
80,TTTH,0.7270667630206066
80,TTHT,0.7270667630206066
80,TTHH,0.2664173922277865
80,THTT,0.7270667630206058
80,THTH,0.6351722577772562
80,THHT,0.2664173922277865
80,THHH,0.4582398531616625
80,HTTT,0.45823985316166316
80,HTTH,0.26641739222778565
80,HTHT,0.6351722577772585
80,HTHH,0.7270667630206069
80,HHTT,0.26641739222778565
80,HHTH,0.7270667630206069
80,HHHT,0.7270667630206069
80,HHHH,0.688650293870063
81,TTTT,0.6893292893685561
81,TTTH,0.7306599915449569
81,TTHT,0.7306599915449569
81,TTHH,0.2688153014817827
81,THTT,0.7306599915449562
81,THTH,0.6352660236522399
81,THHT,0.2688153014817827
81,THHH,0.46166891578285496
81,HTTT,0.4616689157828559
81,HTTH,0.2688153014817824
81,HTHT,0.6352660236522396
81,HTHH,0.730659991544959
81,HHTT,0.2688153014817824
81,HHTH,0.730659991544959
81,HHHT,0.730659991544959
81,HHHH,0.6893292893685548
82,TTTT,0.6900023483119676
82,TTTH,0.7342042451646575
82,TTHT,0.7342042451646575
82,TTHH,0.27119584118772316
82,THTT,0.7342042451646563
82,THTH,0.6353531878331995
82,THHT,0.27119584118772316
82,THHH,0.4650666074228349
82,HTTT,0.46506660742283545
82,HTTH,0.27119584118772233
82,HTHT,0.6353531878331988
82,HTHH,0.7342042451646571
82,HHTT,0.27119584118772233
82,HHTH,0.7342042451646571
82,HHHT,0.7342042451646571
82,HHHH,0.6900023483119638
83,TTTT,0.6906698204057716
83,TTTH,0.7377005121329279
83,TTHT,0.7377005121329279
83,TTHH,0.27355916390677587
83,THTT,0.7377005121329256
83,THTH,0.6354342190240478
83,THHT,0.27355916390677587
83,THHH,0.46843343123790754
83,HTTT,0.4684334312379081
83,HTTH,0.2735591639067747
83,HTHT,0.6354342190240492
83,HTHH,0.7377005121329265
83,HHTT,0.2735591639067747
83,HHTH,0.7377005121329265
83,HHHT,0.7377005121329265
83,HHHH,0.6906698204057674
84,TTTT,0.691332027481458
84,TTTH,0.7411497501177123
84,TTHT,0.7411497501177123
84,TTHH,0.27590542039372845
84,THTT,0.7411497501177118
84,THTH,0.6355095545358995
84,THHT,0.27590542039372845
84,THHH,0.4717698792577751
84,HTTT,0.4717698792577758
84,HTTH,0.2759054203937277
84,HTHT,0.6355095545359009
84,HTHH,0.7411497501177118
84,HHTT,0.2759054203937277
84,HHTH,0.7411497501177118
84,HHHT,0.7411497501177118
84,HHHH,0.6913320274814561
85,TTTT,0.6919892697768999
85,TTTH,0.7445528875510081
85,TTHT,0.7445528875510081
85,TTHH,0.27823475962781025
85,THTT,0.7445528875510073
85,THTH,0.6355795971635099
85,THHT,0.27823475962781025
85,THHH,0.47507643267666705
85,HTTT,0.47507643267666744
85,HTTH,0.27823475962780897
85,HTHT,0.6355795971635125
85,HTHH,0.7445528875510069
85,HHTT,0.27823475962780897
85,HHTH,0.7445528875510069
85,HHHT,0.7445528875510069
85,HHHH,0.6919892697768989
86,TTTT,0.6926418262752756
86,TTTH,0.7479108249058536
86,TTHT,0.7479108249058536
86,TTHH,0.28054732884278144
86,THTT,0.7479108249058525
86,THTH,0.6356447212448795
86,THHT,0.28054732884278144
86,THHH,0.4783535621354791
86,HTTT,0.4783535621354807
86,HTTH,0.2805473288427807
86,HTHT,0.635644721244881
86,HTHH,0.7479108249058503
86,HHTT,0.2805473288427807
86,HHTH,0.7479108249058503
86,HHHT,0.7479108249058503
86,HHHH,0.6926418262752734
87,TTTT,0.6932899537113527
87,TTTH,0.7512244359053913
87,TTHT,0.7512244359053913
87,TTHH,0.2828432735563063
87,THTT,0.7512244359053906
87,THTH,0.6357052766644237
87,THHT,0.2828432735563063
87,THHH,0.4816017279952723
87,HTTT,0.48160172799527395
87,HTTH,0.28284327355630423
87,HTHT,0.6357052766644232
87,HTHH,0.7512244359053883
87,HHTT,0.28284327355630423
87,HHTH,0.7512244359053883
87,HHHT,0.7512244359053883
87,HHHH,0.6932899537113514
88,TTTT,0.6939338913148791
88,TTTH,0.7544945686677991
88,TTHT,0.7544945686677991
88,TTHH,0.28512273759862855
88,THTT,0.7544945686677978
88,THTH,0.6357615860940459
88,THHT,0.28512273759862855
88,THHH,0.4848213806024542
88,HTTT,0.48482138060245494
88,HTTH,0.28512273759862866
88,HTHT,0.6357615860940465
88,HTHH,0.7544945686677985
88,HHTT,0.28512273759862866
88,HHTH,0.7544945686677985
88,HHHT,0.7544945686677985
88,HHHH,0.693933891314876
89,TTTT,0.6945738620014646
89,TTTH,0.7577220467907718
89,TTHT,0.7577220467907718
89,TTHH,0.287385863140585
89,THTT,0.7577220467907718
89,THTH,0.6358139487781593
89,THHT,0.287385863140585
89,THHH,0.48801296054596316
89,HTTT,0.4880129605459655
89,HTTH,0.28738586314058534
89,HTHT,0.6358139487781597
89,HTHH,0.7577220467907742
89,HHTT,0.28738586314058534
89,HHTH,0.7577220467907742
89,HHHT,0.7577220467907742
89,HHHH,0.6945738620014607
90,TTTT,0.6952100710459194
90,TTTH,0.7609076703791238
90,TTHT,0.7609076703791238
90,TTHH,0.2896327907209561
90,THTT,0.7609076703791222
90,THTH,0.6358626447414177
90,THHT,0.2896327907209561
90,THHH,0.4911768989067306
90,HTTT,0.4911768989067327
90,HTTH,0.2896327907209552
90,HTHT,0.6358626447414187
90,HTHH,0.7609076703791232
90,HHTT,0.2896327907209552
90,HHTH,0.7609076703791232
90,HHHT,0.7609076703791232
90,HHHH,0.6952100710459179
91,TTTT,0.695842709434757
91,TTTH,0.7640522170186355
91,TTHT,0.7640522170186355
91,TTHH,0.29186365927318836
91,THTT,0.7640522170186345
91,THTH,0.6359079326926362
91,THHT,0.29186365927318836
91,THHH,0.49431361749973834
91,HTTT,0.4943136174997403
91,HTTH,0.29186365927318797
91,HTHT,0.6359079326926357
91,HTHH,0.7640522170186312
91,HHTT,0.29186365927318797
91,HHTH,0.7640522170186312
91,HHHT,0.7640522170186312
91,HHHH,0.6958427094347566
92,TTTT,0.6964719555559326
92,TTTH,0.7671564426993636
92,TTHT,0.7671564426993636
92,TTHH,0.294078606151513
92,THTT,0.7671564426993617
92,THTH,0.6359500520761423
92,THHT,0.294078606151513
92,THHH,0.49742352910890136
92,HTTT,0.4974235291089019
92,HTTH,0.29407860615151143
92,HTHT,0.6359500520761449
92,HTHH,0.7671564426993636
92,HHTT,0.29407860615151143
92,HHTH,0.7671564426993636
92,HHHT,0.7671564426993636
92,HHHH,0.696471955555932
93,TTTT,0.6970979739044832
93,TTTH,0.7702210826912197
93,TTHT,0.7702210826912197
93,TTHH,0.29627776715645515
93,THTT,0.7702210826912188
93,THTH,0.6359892270698853
93,THHT,0.29627776715645515
93,THHH,0.5005070377150708
93,HTTT,0.50050703771507
93,HTTH,0.2962777671564535
93,HTHT,0.6359892270698855
93,HTHH,0.7702210826912212
93,HHTT,0.2962777671564535
93,HHTH,0.7702210826912212
93,HHHT,0.7702210826912212
93,HHHH,0.6970979739044819
94,TTTT,0.6977209172693027
94,TTTH,0.7732468523745143
94,TTHT,0.7732468523745143
94,TTHH,0.29846127655977717
94,THTT,0.7732468523745143
94,THTH,0.6360256652433237
94,THHT,0.29846127655977717
94,THHH,0.5035645387173714
94,HTTT,0.5035645387173716
94,HTTH,0.29846127655977545
94,HTHT,0.6360256652433243
94,HTHH,0.7732468523745151
94,HHTT,0.29846127655977545
94,HHTH,0.7732468523745151
94,HHHT,0.7732468523745151
94,HHHH,0.6977209172693005
95,TTTT,0.6983409286250091
95,TTTH,0.7762344480281131
95,TTHT,0.7762344480281131
95,TTHH,0.3006292671288587
95,THTT,0.7762344480281131
95,THTH,0.6360595583799312
95,THHT,0.3006292671288587
95,THHH,0.5065964191481317
95,HTTT,0.5065964191481349
95,HTTH,0.3006292671288578
95,HTHT,0.6360595583799301
95,HTHH,0.7762344480281136
95,HHTT,0.3006292671288578
95,HHTH,0.7762344480281136
95,HHHT,0.7762344480281136
95,HHHH,0.6983409286250065
96,TTTT,0.6989581400744957
96,TTTH,0.7791845475775578
96,TTHT,0.7791845475775578
96,TTHH,0.3027818701505339
96,THTT,0.7791845475775565
96,THTH,0.6360910860016541
96,THHT,0.3027818701505339
96,THHH,0.509603057881628
96,HTTT,0.5096030578816284
96,HTTH,0.302781870150532
96,HTHT,0.6360910860016548
96,HTHH,0.7791845475775543
96,HHTT,0.302781870150532
96,HHTH,0.7791845475775543
96,HHHT,0.7791845475775543
96,HHHH,0.6989581400744943
97,TTTT,0.6995726741233025
97,TTTH,0.7820978113054108
97,TTHT,0.7820978113054108
97,TTHH,0.30491921545439804
97,THTT,0.7820978113054101
97,THTH,0.6361204147366484
97,THHT,0.30491921545439804
97,THHH,0.5125848258368264
97,HTTT,0.51258482583683
97,HTTH,0.3049192154543961
97,HTHT,0.6361204147366482
97,HTHH,0.7820978113054134
97,HHTT,0.3049192154543961
97,HHTH,0.7820978113054134
97,HHHT,0.7820978113054134
97,HHHH,0.6995726741232995
98,TTTT,0.7001846455494904
98,TTTH,0.7849748825260257
98,TTHT,0.7849748825260257
98,TTHH,0.3070414314356061
98,THTT,0.7849748825260243
98,THTH,0.6361476983460886
98,THHT,0.3070414314356061
98,THHH,0.5155420861744
98,HTTT,0.5155420861744006
98,HTTH,0.307041431435605
98,HTHT,0.6361476983460875
98,HTHH,0.784974882526027
98,HHTT,0.307041431435605
98,HHTH,0.784974882526027
98,HHHT,0.784974882526027
98,HHHH,0.7001846455494869
99,TTTT,0.7007941606696585
99,TTTH,0.7878163882266375
99,TTHT,0.7878163882266375
99,TTHH,0.3091486450771729
99,THTT,0.7878163882266358
99,THTH,0.6361730806393214
99,THHT,0.3091486450771729
99,THHH,0.5184751944881169
99,HTTT,0.5184751944881163
99,HTTH,0.3091486450771709
99,HTHT,0.6361730806393202
99,HTHH,0.7878163882266362
99,HHTT,0.3091486450771709
99,HHTH,0.7878163882266362
99,HHHT,0.7878163882266362
99,HHHH,0.7007941606696573
100,TTTT,0.7014013179472697
100,TTTH,0.7906229396767942
100,TTHT,0.7906229396767942
100,TTHH,0.3112409819717861
100,THTT,0.7906229396767931
100,THTH,0.6361966954303051
100,THHT,0.3112409819717861
100,THHH,0.5213844989908895
100,HTTT,0.5213844989908911
100,HTTH,0.31124098197178574
100,HTHT,0.6361966954303033
100,HTHH,0.7906229396767939
100,HHTT,0.31124098197178574
100,HHTH,0.7906229396767939
100,HHHT,0.7906229396767939
100,HHHH,0.7014013179472683
